{"cameraMode":{"drawMode":0,"name":"Shaded","section":"Shading Mode"},"sceneLighting":true,"audioPlay":false,"sceneViewState":{"m_AlwaysRefresh":false,"showFog":true,"showSkybox":true,"showFlares":true,"showImageEffects":true,"showParticleSystems":true,"showVisualEffectGraphs":true,"m_FxEnabled":true},"in2DMode":false,"pivot":{"x":-55.02803421020508,"y":6.099118709564209,"z":24.215402603149415},"rotation":{"x":0.2253032624721527,"y":-0.08886267244815827,"z":0.021165551617741586,"w":0.9698782563209534},"size":3.368070602416992,"orthographic":false}