{"cameraMode":{"drawMode":0,"name":"Shaded","section":"Shading Mode"},"sceneLighting":true,"audioPlay":false,"sceneViewState":{"m_AlwaysRefresh":false,"showFog":true,"showSkybox":true,"showFlares":true,"showImageEffects":true,"showParticleSystems":true,"showVisualEffectGraphs":true,"m_FxEnabled":true},"in2DMode":false,"pivot":{"x":-61.330039978027347,"y":0.25328922271728518,"z":7.228899002075195},"rotation":{"x":-0.17224673926830293,"y":0.8202681541442871,"z":-0.32035768032073977,"w":-0.4412793815135956},"size":5.7223076820373539,"orthographic":false}