{"cameraMode":{"drawMode":0,"name":"Shaded","section":"Shading Mode"},"sceneLighting":true,"audioPlay":false,"sceneViewState":{"m_AlwaysRefresh":false,"showFog":true,"showSkybox":true,"showFlares":true,"showImageEffects":true,"showParticleSystems":true,"showVisualEffectGraphs":true,"m_FxEnabled":true},"in2DMode":false,"pivot":{"x":-53.55405807495117,"y":6.611194610595703,"z":10.830031394958496},"rotation":{"x":0.20076744258403779,"y":-0.17944742739200593,"z":0.03796838968992233,"w":0.9621941447257996},"size":0.2200329601764679,"orthographic":false}